id,name,email
3659174697238678,ABDELAZIZ RIFI,abdelazizrifi01_alh@gmail.com
3659174697238679,ADAM ARTUR LESCHINSKI,adamarturleschinski@outlook.com.gb
3659174697238680,AHMET AKKAYA,ahmet.ak_kaya01@hotmail.com
3659174697238681,ANJA GEERTRUIDA VISSER,anja.geertruidavsr@gmail.com
3659174697238682,ANTJE SITOE,antjecrazy@hotmail.com
3659174697238683,ANTOANETA KRASIMIROVA KYOSEVA,antoanetakrasimirovakyoseva@gmail.com
3659174697238684,ARMAGAN KOSE,armagankose@gmail.com
3659174697238685,ASIR SAGLIK,ssaglik_a_90@gmail.com
3659174697238686,AYDIN KOC,aydnkc_koc@gmail.com
3659174697238687,AYTAC CANKOR,aytcankor@hotmail.com
3659174697238688,BERAT OKUR,bera_tokur@gmail.com
3659174697238689,BIRGUL TURGUT,btk.birgul.turgut.k@gmail.com
3659174697238690,BURCU SUNAOGLU,burcusunaoglu_brc@hotmail.com
3659174697238691,DERYA DONMEZ,deryadonmez_22@outlook.com
3659174697238692,DEVRIM YETER,devrimyeter09@gmail.com
3659174697238693,DILEM MELEK BADUR,dilemmelekbadur@gmail.com
3659174697238694,EKIM YETER,ey_ekimyeter_ey@hotmail.com
3659174697238695,ELA KARAHAN,03ela_karahan@gmail.com
3659174697238696,ELIF ADIGUZEL,21adiguzelelif@gmail.com
3659174697238697,ELIF KARAHAN,elif_kvp_karahan@gmail.com
3659174697238698,ELMAS SELDA SOYLEMEZ,elmasseldasoylemez_ess@gmail.com
3659174697238699,EMEL AKKAYA,emel_s_akkaya_01@gmail.com
3659174697238700,EMIR KOC,emir_06_koc@gmail.com
3659174697238701,ENGIN DIDIN,engin.didin@gmail.com
3659174697238702,ERHAN BADUR,erhanbadur_badur@gmail.com
3659174697238703,ERTUGRUL AYDIN,ertugrullll_aydin@gmail.com
3659174697238704,ESEN BURC,esenburc_ce@gmail.com
3659174697238705,FATMA ATAV,fatma.atav.43@outlook.com
3659174697238706,FIKRET TOR,ffikret_ttor_03@gmail.com
3659174697238707,GUL EREN,gul_02_guleren@gmail.com
3659174697238708,GULAC KAPLAN,gkc_gulackaplan@outlook.com
3659174697238709,ABDELAZIZ RIFI,abdelazizrifi01_alh@gmail.com
3659174697238710,ADAM ARTUR LESCHINSKI,adamarturleschinski@outlook.com.gb
3659174697238711,AHMET AKKAYA,ahmet.ak_kaya01@hotmail.com
3659174697238712,ANJA GEERTRUIDA VISSER,anja.geertruidavsr@gmail.com
3659174697238713,ANTJE SITOE,antjecrazy@hotmail.com
3659174697238714,ANTOANETA KRASIMIROVA KYOSEVA,antoanetakrasimirovakyoseva@gmail.com
3659174697238715,ARMAGAN KOSE,armagankose@gmail.com
3659174697238716,ASIR SAGLIK,ssaglik_a_90@gmail.com
3659174697238717,AYDIN KOC,aydnkc_koc@gmail.com
3659174697238718,AYTAC CANKOR,aytcankor@hotmail.com
3659174697238719,BERAT OKUR,bera_tokur@gmail.com
3659174697238720,BIRGUL TURGUT,btk.birgul.turgut.k@gmail.com
3659174697238721,BURCU SUNAOGLU,burcusunaoglu_brc@hotmail.com
3659174697238722,DERYA DONMEZ,deryadonmez_22@outlook.com
3659174697238723,DEVRIM YETER,devrimyeter09@gmail.com
3659174697238724,DILEM MELEK BADUR,dilemmelekbadur@gmail.com
3659174697238725,EKIM YETER,ey_ekimyeter_ey@hotmail.com
3659174697238726,ELA KARAHAN,03ela_karahan@gmail.com
3659174697238727,ELIF ADIGUZEL,21adiguzelelif@gmail.com
3659174697238728,ELIF KARAHAN,elif_kvp_karahan@gmail.com
3659174697238729,ELMAS SELDA SOYLEMEZ,elmasseldasoylemez_ess@gmail.com
3659174697238730,EMEL AKKAYA,emel_s_akkaya_01@gmail.com
3659174697238731,EMIR KOC,emir_06_koc@gmail.com
3659174697238732,ENGIN DIDIN,engin.didin@gmail.com
3659174697238733,ERHAN BADUR,erhanbadur_badur@gmail.com
3659174697238734,ERTUGRUL AYDIN,ertugrullll_aydin@gmail.com
3659174697238735,ESEN BURC,esenburc_ce@gmail.com
3659174697238736,FATMA ATAV,fatma.atav.43@outlook.com
3659174697238737,FIKRET TOR,ffikret_ttor_03@gmail.com
3659174697238738,GUL EREN,gul_02_guleren@gmail.com
3659174697238739,GULAC KAPLAN,gkc_gulackaplan@outlook.com
